model,roc_auc,average_precision,positive_rate_at_050
random_forest,0.6558680632275045,0.2557304762034655,0.21171805707726823
logistic_regression,0.6436625601507949,0.24772390490338458,0.3658371158762456
